Participant ID,Condition,RT
1,OLD,1262.337083
1,NEW,1305.522333
2,OLD,878.801567
2,NEW,2812.619117
3,OLD,988.510267
3,NEW,2098.755217
.,.,.
